{"cameraMode":{"drawMode":0,"name":"Shaded","section":"Shading Mode"},"sceneLighting":true,"audioPlay":false,"sceneViewState":{"showFog":true,"showMaterialUpdate":false,"showSkybox":true,"showFlares":true,"showImageEffects":true,"showParticleSystems":true},"in2DMode":false,"pivot":{"x":649.1294555664063,"y":97.48866271972656,"z":-458.6435546875},"rotation":{"x":-0.0860329419374466,"y":-0.11392234265804291,"z":0.009902997873723507,"w":-0.9897102117538452},"size":1179.7711181640625,"orthographic":false}