{"cameraMode":{"drawMode":0,"name":"Shaded","section":"Shading Mode"},"sceneLighting":true,"audioPlay":false,"sceneViewState":{"showFog":true,"showMaterialUpdate":false,"showSkybox":true,"showFlares":true,"showImageEffects":true,"showParticleSystems":true},"in2DMode":false,"pivot":{"x":-0.2800000011920929,"y":4.570000171661377,"z":-6.728474140167236},"rotation":{"x":-0.05877567082643509,"y":-0.0023986296728253366,"z":0.00014131177158560604,"w":-0.9982711672782898},"size":22.0,"orthographic":false}